Datetime,Open,High,Low,Close,Volume,Dividends,Stock Splits
2014-05-15 00:00:00+01:00,1.3718926906585693,1.373049259185791,1.3650591373443604,1.372005581855774,0,0.0,0.0
2014-05-20 00:00:00+01:00,1.371328353881836,1.3714975118637085,1.368149995803833,1.3713847398757935,0,0.0,0.0
2014-05-30 00:00:00+01:00,1.360322117805481,1.365094542503357,1.359933614730835,1.360451579093933,0,0.0,0.0
2014-06-04 00:00:00+01:00,1.3621937036514282,1.3637503385543823,1.3601185083389282,1.3621008396148682,0,0.0,0.0
2014-06-09 00:00:00+01:00,1.3645356893539429,1.3669008016586304,1.3583265542984009,1.3642936944961548,0,0.0,0.0
2014-06-19 00:00:00+01:00,1.3591018915176392,1.3645002841949463,1.3585480451583862,1.3590649366378784,0,0.0,0.0
2014-06-24 00:00:00+01:00,1.360063076019287,1.362999439239502,1.3583818674087524,1.3601926565170288,0,0.0,0.0
2014-07-04 00:00:00+01:00,1.3609145879745483,1.3613035678863525,1.3586199283599854,1.3610072135925293,0,0.0,0.0
2014-07-09 00:00:00+01:00,1.361748456954956,1.3642005920410156,1.3602850437164307,1.3617113828659058,0,0.0,0.0
2014-07-14 00:00:00+01:00,1.3603591918945312,1.363999605178833,1.3598780632019043,1.360377550125122,0,0.0,0.0
2014-07-24 00:00:00+01:00,1.346203088760376,1.3485703468322754,1.3441762924194336,1.346293568611145,0,0.0,0.0
2014-07-29 00:00:00+01:00,1.3439054489135742,1.3443931341171265,1.3409894704818726,1.3439054489135742,0,0.0,0.0
2014-08-08 00:00:00+01:00,1.3360053300857544,1.3430101871490479,1.334507703781128,1.3358268737792969,0,0.0,0.0
2014-08-13 00:00:00+01:00,1.3365768194198608,1.3414806127548218,1.3345005512237549,1.3366124629974365,0,0.0,0.0
2014-08-18 00:00:00+01:00,1.3392080068588257,1.3400999307632446,1.3354896306991577,1.339046597480774,0,0.0,0.0
2014-08-28 00:00:00+01:00,1.3193308115005493,1.3218997716903687,1.316250205039978,1.319087266921997,0,0.0,0.0
2014-09-02 00:00:00+01:00,1.3131976127624512,1.3137307167053223,1.3111796379089355,1.3131976127624512,0,0.0,0.0
2014-09-12 00:00:00+01:00,1.2924739122390747,1.2960201501846313,1.2913206815719604,1.2923569679260254,0,0.0,0.0
2014-09-17 00:00:00+01:00,1.2959076166152954,1.2979999780654907,1.294089674949646,1.2959076166152954,0,0.0,0.0
2014-09-22 00:00:00+01:00,1.2840760946273804,1.286900281906128,1.2819527387619019,1.2841421365737915,0,0.0,0.0
2014-10-02 00:00:00+01:00,1.2624987363815308,1.2690500020980835,1.2616099119186401,1.2624191045761108,0,0.0,0.0
2014-10-07 00:00:00+01:00,1.2643983364105225,1.266430377960205,1.258469581604004,1.264606237411499,0,0.0,0.0
2014-10-17 00:00:00+01:00,1.2807542085647583,1.283489465713501,1.2746502161026,1.280442476272583,0,0.0,0.0
2014-10-22 00:00:00+01:00,1.2714234590530396,1.2739096879959106,1.2651101350784302,1.2714719772338867,0,0.0,0.0
2014-10-27 00:00:00+00:00,1.2676842212677002,1.2721998691558838,1.2667094469070435,1.2676681280136108,0,0.0,0.0
2014-11-06 00:00:00+00:00,1.2477695941925049,1.2533605098724365,1.2402100563049316,1.2480031251907349,0,0.0,0.0
2014-11-11 00:00:00+00:00,1.242714524269104,1.2441989183425903,1.2396397590637207,1.242992639541626,0,0.0,0.0
2014-11-21 00:00:00+00:00,1.2543588876724243,1.2567235231399536,1.2406902313232422,1.2545005083084106,0,0.0,0.0
2014-11-26 00:00:00+00:00,1.2478941679000854,1.2524595260620117,1.2444404363632202,1.24806547164917,0,0.0,0.0
2014-12-01 00:00:00+00:00,1.2437965869903564,1.250589370727539,1.2422822713851929,1.2438275814056396,0,0.0,0.0
2014-12-11 00:00:00+00:00,1.2480031251907349,1.2495938539505005,1.2374200820922852,1.2473959922790527,0,0.0,0.0
2014-12-16 00:00:00+00:00,1.2443537712097168,1.2565702199935913,1.2436264753341675,1.2443537712097168,0,0.0,0.0
2014-12-26 00:00:00+00:00,1.2211055755615234,1.222299575805664,1.2169995307922363,1.2210012674331665,0,0.0,0.0
2014-12-31 00:00:00+00:00,1.2162047624588013,1.2169743776321411,1.21053946018219,1.2162047624588013,0,0.0,0.0
2015-01-05 00:00:00+00:00,1.195500135421753,1.1975904703140259,1.1889094114303589,1.194643259048462,0,0.0,0.0
2015-01-15 00:00:00+00:00,1.178383708000183,1.1788560152053833,1.1592293977737427,1.1785920858383179,0,0.0,0.0
2015-01-20 00:00:00+00:00,1.1597026586532593,1.1615993976593018,1.1569199562072754,1.1597968339920044,0,0.0,0.0
2015-01-30 00:00:00+00:00,1.1337354183197021,1.1363998651504517,1.1285994052886963,1.13355553150177,0,0.0,0.0
2015-02-04 00:00:00+00:00,1.1456853151321411,1.1484194993972778,1.1404199600219727,1.145737886428833,0,0.0,0.0
2015-02-09 00:00:00+00:00,1.1314777135849,1.1359995603561401,1.1271694898605347,1.1314393281936646,0,0.0,0.0
2015-02-19 00:00:00+00:00,1.1400818824768066,1.1450005769729614,1.135620355606079,1.1400039196014404,0,0.0,0.0
2015-02-24 00:00:00+00:00,1.1334141492843628,1.1347401142120361,1.1290695667266846,1.1332985162734985,0,0.0,0.0
2015-03-06 00:00:00+00:00,1.103399634361267,1.103399634361267,1.0852224826812744,1.1032048463821411,0,0.0,0.0
2015-03-11 00:00:00+00:00,1.070939064025879,1.0714553594589233,1.0561401844024658,1.0708701610565186,0,0.0,0.0
2015-03-16 00:00:00+00:00,1.0484488010406494,1.0613998174667358,1.0484488010406494,1.0481630563735962,0,0.0,0.0
2015-03-26 00:00:00+00:00,1.0966475009918213,1.1045196056365967,1.0912598371505737,1.0960465669631958,0,0.0,0.0
2015-03-31 00:00:00+01:00,1.0829074382781982,1.0843517780303955,1.071765422821045,1.0830246210098267,0,0.0,0.0
2015-04-10 00:00:00+01:00,1.0667235851287842,1.068349838256836,1.0571495294570923,1.0669056177139282,0,0.0,0.0
2015-04-15 00:00:00+01:00,1.0647926330566406,1.0668703317642212,1.0574603080749512,1.0647132396697998,0,0.0,0.0
2015-04-20 00:00:00+01:00,1.0810226202011108,1.0818647146224976,1.0716196298599243,1.0810226202011108,0,0.0,0.0
2015-04-30 00:00:00+01:00,1.1113210916519165,1.1247594356536865,1.107299566268921,1.1114321947097778,0,0.0,0.0
2015-05-05 00:00:00+01:00,1.1150012016296387,1.1209995746612549,1.1068999767303467,1.1149141788482666,0,0.0,0.0
2015-05-15 00:00:00+01:00,1.140393853187561,1.1451002359390259,1.1324695348739624,1.1404979228973389,0,0.0,0.0
2015-05-20 00:00:00+01:00,1.1146780252456665,1.1150758266448975,1.1065741777420044,1.1146656274795532,0,0.0,0.0
2015-05-25 00:00:00+01:00,1.0992151498794556,1.1010003089904785,1.096070647239685,1.0992997884750366,0,0.0,0.0
2015-06-04 00:00:00+01:00,1.126227617263794,1.1376047134399414,1.1232597827911377,1.1257838010787964,0,0.0,0.0
2015-06-09 00:00:00+01:00,1.1281970739364624,1.1339694261550903,1.1216697692871094,1.128095269203186,0,0.0,0.0
2015-06-19 00:00:00+01:00,1.1372941732406616,1.1387965679168701,1.12959885597229,1.1370742321014404,0,0.0,0.0
2015-06-24 00:00:00+01:00,1.1177055835723877,1.1239995956420898,1.1162832975387573,1.1172186136245728,0,0.0,0.0
2015-06-29 00:00:00+01:00,1.0982975959777832,1.119740605354309,1.0982975959777832,1.0975021123886108,0,0.0,0.0
2015-07-09 00:00:00+01:00,1.1072357892990112,1.1116199493408203,1.102290391921997,1.1071009635925293,0,0.0,0.0
2015-07-14 00:00:00+01:00,1.0985147953033447,1.1074001789093018,1.0968496799468994,1.099045991897583,0,0.0,0.0
2015-07-24 00:00:00+01:00,1.0988407135009766,1.0996019840240479,1.092789888381958,1.0989010334014893,0,0.0,0.0
2015-07-29 00:00:00+01:00,1.106549620628357,1.108598232269287,1.1014198064804077,1.1065986156463623,0,0.0,0.0
2015-08-03 00:00:00+01:00,1.0969001054763794,1.09954035282135,1.0943995714187622,1.0969001054763794,0,0.0,0.0
2015-08-13 00:00:00+01:00,1.1155858039855957,1.1189061403274536,1.1081806421279907,1.1160963773727417,0,0.0,0.0
2015-08-18 00:00:00+01:00,1.107714056968689,1.1099998950958252,1.102189540863037,1.107800006866455,0,0.0,0.0
2015-08-28 00:00:00+01:00,1.1245051622390747,1.1310003995895386,1.1156704425811768,1.1247961521148682,0,0.0,0.0
2015-09-02 00:00:00+01:00,1.1296244859695435,1.1299996376037598,1.1222903728485107,1.1293437480926514,0,0.0,0.0
2015-09-07 00:00:00+01:00,1.1158970594406128,1.1180005073547363,1.1124200820922852,1.115200161933899,0,0.0,0.0
2015-09-17 00:00:00+01:00,1.129394769668579,1.134000301361084,1.1287955045700073,1.12920343875885,0,0.0,0.0
2015-09-22 00:00:00+01:00,1.1190940141677856,1.1209995746612549,1.1130800247192383,1.1190940141677856,0,0.0,0.0
2015-10-02 00:00:00+01:00,1.119494915008545,1.1315301656723022,1.115180253982544,1.1193444728851318,0,0.0,0.0
2015-10-07 00:00:00+01:00,1.1272940635681152,1.128426194190979,1.1214194297790527,1.1267986297607422,0,0.0,0.0
2015-10-12 00:00:00+01:00,1.1369062662124634,1.1399999856948853,1.135839581489563,1.1369967460632324,0,0.0,0.0
2015-10-22 00:00:00+01:00,1.1347002983093262,1.1352026462554932,1.113800287246704,1.134803295135498,0,0.0,0.0
2015-10-27 00:00:00+00:00,1.106096863746643,1.107800006866455,1.1031999588012695,1.1065986156463623,0,0.0,0.0
2015-11-06 00:00:00+00:00,1.0884946584701538,1.0895025730133057,1.0711684226989746,1.0883997678756714,0,0.0,0.0
2015-11-11 00:00:00+00:00,1.0738024711608887,1.0772960186004639,1.0708003044128418,1.0737563371658325,0,0.0,0.0
2015-11-16 00:00:00+00:00,1.070102334022522,1.0759999752044678,1.070102334022522,1.06999933719635,0,0.0,0.0
2015-11-26 00:00:00+00:00,1.0624960660934448,1.0629997253417969,1.0602003335952759,1.0624960660934448,0,0.0,0.0
2015-12-01 00:00:00+00:00,1.0572947263717651,1.0639996528625488,1.056602120399475,1.0572947263717651,0,0.0,0.0
2015-12-11 00:00:00+00:00,1.0947985649108887,1.1030004024505615,1.0928006172180176,1.0948106050491333,0,0.0,0.0
2015-12-16 00:00:00+00:00,1.0936013460159302,1.0958002805709839,1.0913218259811401,1.0936251878738403,0,0.0,0.0
2015-12-21 00:00:00+00:00,1.0870156288146973,1.091999888420105,1.0852001905441284,1.0869920253753662,0,0.0,0.0
2015-12-31 00:00:00+00:00,1.0938047170639038,1.093900442123413,1.0865998268127441,1.093398094177246,0,0.0,0.0
2016-01-05 00:00:00+00:00,1.082602620124817,1.0841047763824463,1.0712006092071533,1.0827549695968628,0,0.0,0.0
2016-01-15 00:00:00+00:00,1.0857763290405273,1.0981999635696411,1.0857763290405273,1.085894227027893,0,0.0,0.0
2016-01-20 00:00:00+00:00,1.0911551713943481,1.0975996255874634,1.0892889499664307,1.09129798412323,0,0.0,0.0
2016-01-25 00:00:00+00:00,1.079901933670044,1.0850000381469727,1.079202651977539,1.079901933670044,0,0.0,0.0
2016-02-04 00:00:00+00:00,1.1092008352279663,1.1238000392913818,1.107200264930725,1.1091023683547974,0,0.0,0.0
2016-02-09 00:00:00+00:00,1.1190940141677856,1.1313996315002441,1.1164003610610962,1.1189812421798706,0,0.0,0.0
2016-02-19 00:00:00+00:00,1.1110000610351562,1.1150000095367432,1.1067994832992554,1.1110987663269043,0,0.0,0.0
2016-02-24 00:00:00+00:00,1.1024993658065796,1.1040000915527344,1.0959985256195068,1.1027060747146606,0,0.0,0.0
2016-02-29 00:00:00+00:00,1.0925976037979126,1.0962003469467163,1.0864002704620361,1.0923947095870972,0,0.0,0.0
2016-03-10 00:00:00+00:00,1.0986958742141724,1.1160004138946533,1.0827666521072388,1.0989010334014893,0,0.0,0.0
2016-03-15 00:00:00+00:00,1.1101982593536377,1.112999439239502,1.1074001789093018,1.1101982593536377,0,0.0,0.0
2016-03-25 00:00:00+00:00,1.1166945695877075,1.1177055835723877,1.1156729459762573,1.1167943477630615,0,0.0,0.0
2016-03-30 00:00:00+01:00,1.1290122270584106,1.1361995935440063,1.1287955045700073,1.12920343875885,0,0.0,0.0
2016-04-04 00:00:00+01:00,1.1397050619125366,1.1412007808685303,1.1359995603561401,1.1390039920806885,0,0.0,0.0
2016-04-14 00:00:00+01:00,1.128006100654602,1.1293998956680298,1.1236006021499634,1.1279042959213257,0,0.0,0.0
2016-04-19 00:00:00+01:00,1.1310042142868042,1.1386020183563232,1.1305055618286133,1.1309019327163696,0,0.0,0.0
2016-04-29 00:00:00+01:00,1.1357957124710083,1.1460003852844238,1.1357957124710083,1.135589361190796,0,0.0,0.0
2016-05-04 00:00:00+01:00,1.150244951248169,1.15280020236969,1.146999478340149,1.1504037380218506,0,0.0,0.0
2016-05-09 00:00:00+01:00,1.1387965679168701,1.142999529838562,1.1375994682312012,1.1387965679168701,0,0.0,0.0
2016-05-19 00:00:00+01:00,1.1221959590911865,1.123103380203247,1.118200421333313,1.122296690940857,0,0.0,0.0
2016-05-24 00:00:00+01:00,1.1217050552368164,1.122999906539917,1.1145998239517212,1.121604323387146,0,0.0,0.0
2016-06-03 00:00:00+01:00,1.1153992414474487,1.1350003480911255,1.113800287246704,1.115200161933899,0,0.0,0.0
2016-06-08 00:00:00+01:00,1.1356538534164429,1.14199960231781,1.1356538534164429,1.1357828378677368,0,0.0,0.0
2016-06-13 00:00:00+01:00,1.1241008043289185,1.1302001476287842,1.1236965656280518,1.1239995956420898,0,0.0,0.0
2016-06-23 00:00:00+01:00,1.1327978372573853,1.1422044038772583,1.1320003271102905,1.1328235864639282,0,0.0,0.0
2016-06-28 00:00:00+01:00,1.1016006469726562,1.1110000610351562,1.1016006469726562,1.1015034914016724,0,0.0,0.0
2016-07-08 00:00:00+01:00,1.1065007448196411,1.1108001470565796,1.1010003089904785,1.1065741777420044,0,0.0,0.0
2016-07-13 00:00:00+01:00,1.1060723066329956,1.1119993925094604,1.1044000387191772,1.1062926054000854,0,0.0,0.0
2016-07-18 00:00:00+01:00,1.105534315109253,1.109000325202942,1.1038258075714111,1.1053143739700317,0,0.0,0.0
2016-07-28 00:00:00+01:00,1.1068191528320312,1.1119993925094604,1.1060845851898193,1.1073460578918457,0,0.0,0.0
2016-08-02 00:00:00+01:00,1.1167070865631104,1.1232004165649414,1.1163579225540161,1.1168068647384644,0,0.0,0.0
2016-08-12 00:00:00+01:00,1.1138957738876343,1.1219995021820068,1.1132633686065674,1.113908290863037,0,0.0,0.0
2016-08-17 00:00:00+01:00,1.1279042959213257,1.129433035850525,1.1256000995635986,1.1275991201400757,0,0.0,0.0
2016-08-22 00:00:00+01:00,1.1300712823867798,1.1332728862762451,1.1273956298828125,1.1298158168792725,0,0.0,0.0
2016-09-01 00:00:00+01:00,1.1158223152160645,1.1200001239776611,1.112999439239502,1.116071343421936,0,0.0,0.0
2016-09-06 00:00:00+01:00,1.115200161933899,1.1253999471664429,1.1144545078277588,1.1153244972229004,0,0.0,0.0
2016-09-16 00:00:00+01:00,1.1247961521148682,1.124985933303833,1.115599513053894,1.124593734741211,0,0.0,0.0
2016-09-21 00:00:00+01:00,1.1155734062194824,1.1169440746307373,1.112599492073059,1.1153992414474487,0,0.0,0.0
2016-09-26 00:00:00+01:00,1.123974323272705,1.1279042959213257,1.1221996545791626,1.123923897743225,0,0.0,0.0
2016-10-06 00:00:00+01:00,1.120824933052063,1.1212018728256226,1.114951491355896,1.120824933052063,0,0.0,0.0
2016-10-11 00:00:00+01:00,1.1143302917480469,1.1143302917480469,1.105600357055664,1.1140819787979126,0,0.0,0.0
2016-10-21 00:00:00+01:00,1.0930275917053223,1.093135118484497,1.0862481594085693,1.0930395126342773,0,0.0,0.0
2016-10-26 00:00:00+01:00,1.0887197256088257,1.0948106050491333,1.0876659154891968,1.0887316465377808,0,0.0,0.0
2016-10-31 00:00:00+00:00,1.0984183549880981,1.0984183549880981,1.0939244031906128,1.0984665155410767,0,0.0,0.0
2016-11-10 00:00:00+00:00,1.0920368432998657,1.0955302715301514,1.0866104364395142,1.0920606851577759,0,0.0,0.0
2016-11-15 00:00:00+00:00,1.0746910572052002,1.0816657543182373,1.072369933128357,1.0750375986099243,0,0.0,0.0
2016-11-25 00:00:00+00:00,1.0564124584197998,1.0628122091293335,1.0541073083877563,1.0561892986297607,0,0.0,0.0
2016-11-30 00:00:00+00:00,1.0648492574691772,1.066699743270874,1.058500051498413,1.0648492574691772,0,0.0,0.0
2016-12-05 00:00:00+00:00,1.0570825338363647,1.0741138458251953,1.054185152053833,1.0582010746002197,0,0.0,0.0
2016-12-15 00:00:00+00:00,1.0515247583389282,1.052520751953125,1.0403661727905273,1.051414132118225,0,0.0,0.0
2016-12-20 00:00:00+00:00,1.040474534034729,1.0419923067092896,1.0355182886123657,1.0405826568603516,0,0.0,0.0
2016-12-30 00:00:00+00:00,1.0569037199020386,1.0590976476669312,1.0509997606277466,1.0575296878814697,0,0.0,0.0
2017-01-04 00:00:00+00:00,1.0418403148651123,1.0478885173797607,1.0391337871551514,1.0419923067092896,0,0.0,0.0
2017-01-09 00:00:00+00:00,1.0534077882766724,1.0560777187347412,1.0513478517532349,1.0531858205795288,0,0.0,0.0
2017-01-19 00:00:00+00:00,1.0629477500915527,1.0676802396774292,1.058974266052246,1.062778353691101,0,0.0,0.0
2017-01-24 00:00:00+00:00,1.0757546424865723,1.077284336090088,1.0727771520614624,1.0760787725448608,0,0.0,0.0
2017-02-03 00:00:00+00:00,1.0763335227966309,1.079715371131897,1.0728923082351685,1.0761713981628418,0,0.0,0.0
2017-02-08 00:00:00+00:00,1.067896842956543,1.0707440376281738,1.0642147064208984,1.0678056478500366,0,0.0,0.0
2017-02-13 00:00:00+00:00,1.061931848526001,1.0658026933670044,1.0593445301055908,1.061954379081726,0,0.0,0.0
2017-02-23 00:00:00+00:00,1.0551751852035522,1.0595015287399292,1.0538963079452515,1.0554089546203613,0,0.0,0.0
2017-02-28 00:00:00+00:00,1.0582793951034546,1.062699317932129,1.0576637983322144,1.0584250688552856,0,0.0,0.0
2017-03-10 00:00:00+00:00,1.058133840560913,1.0669056177139282,1.058133840560913,1.0578428506851196,0,0.0,0.0
2017-03-15 00:00:00+00:00,1.0612443685531616,1.0641003847122192,1.0610530376434326,1.0612443685531616,0,0.0,0.0
2017-03-20 00:00:00+00:00,1.0742292404174805,1.0777000188827515,1.0742292404174805,1.0742985010147095,0,0.0,0.0
2017-03-30 00:00:00+01:00,1.0759977102279663,1.0769003629684448,1.0721906423568726,1.0759629011154175,0,0.0,0.0
2017-04-04 00:00:00+01:00,1.0670194625854492,1.067463755607605,1.0636826753616333,1.067008137702942,0,0.0,0.0
2017-04-14 00:00:00+01:00,1.0617965459823608,1.063151240348816,1.0607041120529175,1.0616387128829956,0,0.0,0.0
2017-04-19 00:00:00+01:00,1.0728347301483154,1.0736525058746338,1.070159673690796,1.0728693008422852,0,0.0,0.0
2017-04-24 00:00:00+01:00,1.0875357389450073,1.0877995491027832,1.0821690559387207,1.087393879890442,0,0.0,0.0
2017-05-04 00:00:00+01:00,1.0888738632202148,1.0968520641326904,1.0876303911209106,1.0888975858688354,0,0.0,0.0
2017-05-09 00:00:00+01:00,1.0927289724349976,1.093400478363037,1.087263822555542,1.0927767753601074,0,0.0,0.0
2017-05-19 00:00:00+01:00,1.111086368560791,1.1198208332061768,1.1100751161575317,1.1113580465316772,0,0.0,0.0
2017-05-24 00:00:00+01:00,1.1180930137634277,1.1202473640441895,1.1169440746307373,1.11793053150177,0,0.0,0.0
2017-05-29 00:00:00+01:00,1.1175181865692139,1.11906898021698,1.1162956953048706,1.1176055669784546,0,0.0,0.0
2017-06-08 00:00:00+01:00,1.12546706199646,1.1270145177841187,1.1196452379226685,1.125517725944519,0,0.0,0.0
2017-06-13 00:00:00+01:00,1.1199086904525757,1.1225234270095825,1.1185808181762695,1.1196202039718628,0,0.0,0.0
2017-06-23 00:00:00+01:00,1.114976406097412,1.120862603187561,1.1146284341812134,1.1149640083312988,0,0.0,0.0
2017-06-28 00:00:00+01:00,1.1336840391159058,1.1387965679168701,1.129726529121399,1.1339154243469238,0,0.0,0.0
2017-07-03 00:00:00+01:00,1.1425045728683472,1.1425960063934326,1.1356925964355469,1.1423088312149048,0,0.0,0.0
2017-07-13 00:00:00+01:00,1.1419044733047485,1.1455278396606445,1.137255311012268,1.1418914794921875,0,0.0,0.0
2017-07-18 00:00:00+01:00,1.1473416090011597,1.1584800481796265,1.1472363471984863,1.1474337577819824,0,0.0,0.0
2017-07-28 00:00:00+01:00,1.1690027713775635,1.1763322353363037,1.1672561168670654,1.1688660383224487,0,0.0,0.0
2017-08-02 00:00:00+01:00,1.180930256843567,1.186760425567627,1.1794956922531128,1.1811256408691406,0,0.0,0.0
2017-08-07 00:00:00+01:00,1.177773118019104,1.1812511682510376,1.177773118019104,1.1778424978256226,0,0.0,0.0
2017-08-17 00:00:00+01:00,1.1774264574050903,1.1790227890014648,1.1666978597640991,1.1774264574050903,0,0.0,0.0
2017-08-22 00:00:00+01:00,1.1811814308166504,1.1825922727584839,1.1746463775634766,1.1811953783035278,0,0.0,0.0
2017-09-01 00:00:00+01:00,1.191085934638977,1.1978631019592285,1.1851149797439575,1.1910432577133179,0,0.0,0.0
2017-09-06 00:00:00+01:00,1.1923640966415405,1.1949286460876465,1.1903769969940186,1.1924067735671997,0,0.0,0.0
2017-09-11 00:00:00+01:00,1.2015330791473389,1.2029350996017456,1.1962437629699707,1.2017642259597778,0,0.0,0.0
2017-09-21 00:00:00+01:00,1.187295913696289,1.1953572034835815,1.1866196393966675,1.1872113943099976,0,0.0,0.0
2017-09-26 00:00:00+01:00,1.185564637184143,1.186380386352539,1.1765259504318237,1.185564637184143,0,0.0,0.0
2017-10-06 00:00:00+01:00,1.1713991165161133,1.1738742589950562,1.1671334505081177,1.1712344884872437,0,0.0,0.0
2017-10-11 00:00:00+01:00,1.181404709815979,1.1858035326004028,1.179634690284729,1.1814883947372437,0,0.0,0.0
2017-10-16 00:00:00+01:00,1.1815024614334106,1.182102918624878,1.1781060695648193,1.181404709815979,0,0.0,0.0
2017-10-26 00:00:00+01:00,1.1822147369384766,1.1835579872131348,1.1692214012145996,1.182075023651123,0,0.0,0.0
2017-10-31 00:00:00+00:00,1.164985179901123,1.1658952236175537,1.1625608205795288,1.1652703285217285,0,0.0,0.0
2017-11-10 00:00:00+00:00,1.164523959159851,1.1675150394439697,1.1623986959457397,1.164686679840088,0,0.0,0.0
2017-11-15 00:00:00+00:00,1.1791757345199585,1.1859441995620728,1.1786059141159058,1.1792869567871094,0,0.0,0.0
2017-11-20 00:00:00+00:00,1.1732131242752075,1.1807490587234497,1.1725940704345703,1.1731857061386108,0,0.0,0.0
2017-11-30 00:00:00+00:00,1.1850025653839111,1.1929757595062256,1.1815024614334106,1.18519926071167,0,0.0,0.0
2017-12-05 00:00:00+00:00,1.186859130859375,1.187930703163147,1.1808885335922241,1.1867746114730835,0,0.0,0.0
2017-12-15 00:00:00+00:00,1.1775233745574951,1.1814005374908447,1.1761661767959595,1.1774957180023193,0,0.0,0.0
2017-12-20 00:00:00+00:00,1.183712124824524,1.1901220083236694,1.1830118894577026,1.1841325759887695,0,0.0,0.0
2017-12-25 00:00:00+00:00,1.1856770515441895,1.1884952783584595,1.1849043369293213,1.1856067180633545,0,0.0,0.0
2018-01-04 00:00:00+00:00,1.2011290788650513,1.209189772605896,1.200494647026062,1.2010425329208374,0,0.0,0.0
2018-01-09 00:00:00+00:00,1.1969597339630127,1.1975760459899902,1.1917957067489624,1.1970456838607788,0,0.0,0.0
2018-01-19 00:00:00+00:00,1.223585844039917,1.2294830083847046,1.222030758857727,1.2236607074737549,0,0.0,0.0
2018-01-24 00:00:00+00:00,1.2309662103652954,1.240199327468872,1.2295132875442505,1.2310267686843872,0,0.0,0.0
2018-01-29 00:00:00+00:00,1.2428226470947266,1.243193507194519,1.2338062524795532,1.2428072690963745,0,0.0,0.0
2018-02-08 00:00:00+00:00,1.2268433570861816,1.2294527292251587,1.2216575145721436,1.2268133163452148,0,0.0,0.0
2018-02-13 00:00:00+00:00,1.2301182746887207,1.2371996641159058,1.228606939315796,1.2303755283355713,0,0.0,0.0
2018-02-23 00:00:00+00:00,1.2326048612594604,1.233500361442566,1.2280486822128296,1.2326656579971313,0,0.0,0.0
2018-02-28 00:00:00+00:00,1.2222100496292114,1.224289894104004,1.2189176082611084,1.2230321168899536,0,0.0,0.0
2018-03-05 00:00:00+00:00,1.231845736503601,1.2348270416259766,1.2275512218475342,1.2315422296524048,0,0.0,0.0
2018-03-15 00:00:00+00:00,1.2375319004058838,1.2386969327926636,1.2320733070373535,1.2375624179840088,0,0.0,0.0
2018-03-20 00:00:00+00:00,1.2338062524795532,1.2354220151901245,1.2264971733093262,1.2336845397949219,0,0.0,0.0
2018-03-30 00:00:00+01:00,1.2302544116973877,1.2333498001098633,1.2298005819320679,1.2302846908569336,0,0.0,0.0
2018-04-04 00:00:00+01:00,1.2279430627822876,1.2310571670532227,1.225760579109192,1.2278525829315186,0,0.0,0.0
2018-04-09 00:00:00+01:00,1.227144479751587,1.2330456972122192,1.2262566089630127,1.227144479751587,0,0.0,0.0
2018-04-19 00:00:00+01:00,1.2378535270690918,1.240199327468872,1.2330456972122192,1.237914800643921,0,0.0,0.0
2018-04-24 00:00:00+01:00,1.2211204767227173,1.223466157913208,1.2184869050979614,1.22089684009552,0,0.0,0.0
2018-05-04 00:00:00+01:00,1.1989257335662842,1.1997599601745605,1.1914832592010498,1.1989257335662842,0,0.0,0.0
2018-05-09 00:00:00+01:00,1.186676025390625,1.1896122694015503,1.1823545694351196,1.1867886781692505,0,0.0,0.0
2018-05-14 00:00:00+01:00,1.1951572895050049,1.1996996402740479,1.1951572895050049,1.1952143907546997,0,0.0,0.0
2018-05-24 00:00:00+01:00,1.1707134246826172,1.174936294555664,1.1692214012145996,1.1710150241851807,0,0.0,0.0
2018-05-29 00:00:00+01:00,1.1627501249313354,1.1639816761016846,1.1514369249343872,1.162696123123169,0,0.0,0.0
2018-06-08 00:00:00+01:00,1.1793843507766724,1.181199550628662,1.1728416681289673,1.1795234680175781,0,0.0,0.0
2018-06-13 00:00:00+01:00,1.1747568845748901,1.1789672374725342,1.1733646392822266,1.17482590675354,0,0.0,0.0
2018-06-18 00:00:00+01:00,1.1597026586532593,1.1623716354370117,1.156644344329834,1.159595012664795,0,0.0,0.0
2018-06-28 00:00:00+01:00,1.156243085861206,1.1596999168395996,1.1528042554855347,1.1563634872436523,0,0.0,0.0
2018-07-03 00:00:00+01:00,1.1640766859054565,1.1675423383712769,1.1622636318206787,1.1642121076583862,0,0.0,0.0
2018-07-13 00:00:00+01:00,1.16637122631073,1.1675423383712769,1.1614537239074707,1.1665889024734497,0,0.0,0.0
2018-07-18 00:00:00+01:00,1.1657729148864746,1.166534423828125,1.1603754758834839,1.1653246879577637,0,0.0,0.0
2018-07-23 00:00:00+01:00,1.1741775274276733,1.1750881671905518,1.1688660383224487,1.1741912364959717,0,0.0,0.0
2018-08-02 00:00:00+01:00,1.1663848161697388,1.1669973134994507,1.1604158878326416,1.1665889024734497,0,0.0,0.0
2018-08-07 00:00:00+01:00,1.155748724937439,1.1609008312225342,1.1552013158798218,1.1558021306991577,0,0.0,0.0
2018-08-17 00:00:00+01:00,1.137229561805725,1.1422044038772583,1.1367381811141968,1.1371389627456665,0,0.0,0.0
2018-08-22 00:00:00+01:00,1.15763521194458,1.162520408630371,1.1554415225982666,1.1576753854751587,0,0.0,0.0
2018-08-27 00:00:00+01:00,1.164442539215088,1.1680878400802612,1.1597161293029785,1.164890170097351,0,0.0,0.0
2018-09-06 00:00:00+01:00,1.1634942293167114,1.165623426437378,1.1607661247253418,1.1635212898254395,0,0.0,0.0
2018-09-11 00:00:00+01:00,1.1593396663665771,1.1642799377441406,1.1566845178604126,1.159595012664795,0,0.0,0.0
2018-09-21 00:00:00+01:00,1.1776067018508911,1.180163860321045,1.1735711097717285,1.1775927543640137,0,0.0,0.0
2018-09-26 00:00:00+01:00,1.1766090393066406,1.1776995658874512,1.1728966236114502,1.1763184070587158,0,0.0,0.0
2018-10-01 00:00:00+01:00,1.160496711730957,1.1621285676956177,1.156510591506958,1.1605371236801147,0,0.0,0.0
2018-10-11 00:00:00+01:00,1.1532163619995117,1.1597565412521362,1.1532163619995117,1.1533360481262207,0,0.0,0.0
2018-10-16 00:00:00+01:00,1.1583324670791626,1.1620069742202759,1.156711220741272,1.1583458185195923,0,0.0,0.0
2018-10-26 00:00:00+01:00,1.1375141143798828,1.139847993850708,1.133619785308838,1.1377859115600586,0,0.0,0.0
2018-10-31 00:00:00+00:00,1.1345844268798828,1.1360150575637817,1.1311705112457275,1.1346358060836792,0,0.0,0.0
2018-11-05 00:00:00+00:00,1.1397050619125366,1.1406410932540894,1.135524868965149,1.1397570371627808,0,0.0,0.0
2018-11-15 00:00:00+00:00,1.1313625574111938,1.1351124048233032,1.1274974346160889,1.131183385848999,0,0.0,0.0
2018-11-20 00:00:00+00:00,1.1454753875732422,1.1472758054733276,1.1387057304382324,1.1455016136169434,0,0.0,0.0
2018-11-30 00:00:00+00:00,1.1392766237258911,1.1401208639144897,1.1314777135849,1.1392766237258911,0,0.0,0.0
2018-12-05 00:00:00+00:00,1.1343655586242676,1.1360280513763428,1.1315033435821533,1.1342884302139282,0,0.0,0.0
2018-12-10 00:00:00+00:00,1.140380859375,1.1445575952529907,1.1362345218658447,1.1400948762893677,0,0.0,0.0
2018-12-20 00:00:00+00:00,1.138783574104309,1.1484880447387695,1.1378376483917236,1.1389521360397339,0,0.0,0.0
2018-12-25 00:00:00+00:00,1.1405109167099,1.1422044038772583,1.1370097398757935,1.140393853187561,0,0.0,0.0
2019-01-04 00:00:00+00:00,1.1390948295593262,1.14177405834198,1.1348161697387695,1.1391078233718872,0,0.0,0.0
2019-01-09 00:00:00+00:00,1.1457247734069824,1.1540148258209229,1.144164800643921,1.1456066370010376,0,0.0,0.0
2019-01-14 00:00:00+00:00,1.1462763547897339,1.148369312286377,1.1451605558395386,1.146013617515564,0,0.0,0.0
2019-01-24 00:00:00+00:00,1.1387057304382324,1.1393414735794067,1.131324052810669,1.1388224363327026,0,0.0,0.0
2019-01-29 00:00:00+00:00,1.1429747343063354,1.1450556516647339,1.1411746740341187,1.143000841140747,0,0.0,0.0
2019-02-08 00:00:00+00:00,1.1339925527572632,1.1350995302200317,1.132182240486145,1.1338768005371094,0,0.0,0.0
2019-02-13 00:00:00+00:00,1.1332728862762451,1.134429931640625,1.1282861232757568,1.1334655284881592,0,0.0,0.0
2019-02-18 00:00:00+00:00,1.1294840574264526,1.1334141492843628,1.1294840574264526,1.1298030614852905,0,0.0,0.0
2019-02-28 00:00:00+00:00,1.1377859115600586,1.1422044038772583,1.1360796689987183,1.1380189657211304,0,0.0,0.0
2019-03-05 00:00:00+00:00,1.133825421333313,1.1339154243469238,1.1293182373046875,1.1337354183197021,0,0.0,0.0
2019-03-15 00:00:00+00:00,1.1307612657546997,1.1343011856079102,1.1302244663238525,1.1308379173278809,0,0.0,0.0
2019-03-20 00:00:00+00:00,1.1353057622909546,1.1367511749267578,1.1336454153060913,1.135486125946045,0,0.0,0.0
2019-03-25 00:00:00+00:00,1.129611611366272,1.1331701278686523,1.1290504932403564,1.129586100578308,0,0.0,0.0
2019-04-04 00:00:00+01:00,1.124530553817749,1.124985933303833,1.1209254264831543,1.1246949434280396,0,0.0,0.0
2019-04-09 00:00:00+01:00,1.1256444454193115,1.1287955045700073,1.1256444454193115,1.1256444454193115,0,0.0,0.0
2019-04-19 00:00:00+01:00,1.123608112335205,1.125112533569336,1.1233052015304565,1.1235954761505127,0,0.0,0.0
2019-04-24 00:00:00+01:00,1.1224478483200073,1.1224603652954102,1.1183055639266968,1.122435212135315,0,0.0,0.0
2019-04-29 00:00:00+01:00,1.1149017810821533,1.116994023323059,1.1145538091659546,1.1150261163711548,0,0.0,0.0
2019-05-09 00:00:00+01:00,1.1197456121444702,1.1250998973846436,1.1175681352615356,1.1198333501815796,0,0.0,0.0
2019-05-14 00:00:00+01:00,1.1232421398162842,1.1246063709259033,1.120485782623291,1.1232547760009766,0,0.0,0.0
2019-05-24 00:00:00+01:00,1.1183805465698242,1.1212018728256226,1.1178054809570312,1.1184556484222412,0,0.0,0.0
2019-05-29 00:00:00+01:00,1.1170687675476074,1.1175681352615356,1.1125946044921875,1.1170687675476074,0,0.0,0.0
2019-06-03 00:00:00+01:00,1.1173434257507324,1.1211000680923462,1.1162209510803223,1.1174057722091675,0,0.0,0.0
2019-06-13 00:00:00+01:00,1.1293054819107056,1.1305004358291626,1.127116084098816,1.1295605897903442,0,0.0,0.0
2019-06-18 00:00:00+01:00,1.12271249294281,1.12440025806427,1.1182304620742798,1.1224603652954102,0,0.0,0.0
2019-06-28 00:00:00+01:00,1.1371389627456665,1.1393414735794067,1.1361312866210938,1.1372941732406616,0,0.0,0.0
2019-07-03 00:00:00+01:00,1.1290887594223022,1.1305310726165771,1.127039909362793,1.1293054819107056,0,0.0,0.0
2019-07-08 00:00:00+01:00,1.1227880716323853,1.123721718788147,1.1208375692367554,1.1227376461029053,0,0.0,0.0
2019-07-18 00:00:00+01:00,1.1227755546569824,1.1247328519821167,1.1206239461898804,1.12296462059021,0,0.0,0.0
2019-07-23 00:00:00+01:00,1.1204984188079834,1.121076226234436,1.1149640083312988,1.1206114292144775,0,0.0,0.0
2019-08-02 00:00:00+01:00,1.1081806421279907,1.1114197969436646,1.1070764064788818,1.1078859567642212,0,0.0,0.0
2019-08-07 00:00:00+01:00,1.1205862760543823,1.1240994930267334,1.1180930137634277,1.1206992864608765,0,0.0,0.0
2019-08-12 00:00:00+01:00,1.1206867694854736,1.1230276823043823,1.1163331270217896,1.1208499670028687,0,0.0,0.0
2019-08-22 00:00:00+01:00,1.1090408563613892,1.1114000082015991,1.1064517498016357,1.10907781124115,0,0.0,0.0
2019-08-27 00:00:00+01:00,1.110111951828003,1.1118524074554443,1.1088809967041016,1.1103708744049072,0,0.0,0.0
2019-09-06 00:00:00+01:00,1.1036310195922852,1.10574209690094,1.1021226644515991,1.1036310195922852,0,0.0,0.0
2019-09-11 00:00:00+01:00,1.1049723625183105,1.1058276891708374,1.0986233949661255,1.1050333976745605,0,0.0,0.0
2019-09-16 00:00:00+01:00,1.1084139347076416,1.1084262132644653,1.099493145942688,1.1083402633666992,0,0.0,0.0
2019-09-26 00:00:00+01:00,1.0951822996139526,1.0967316627502441,1.092514157295227,1.0952903032302856,0,0.0,0.0
2019-10-01 00:00:00+01:00,1.0899182558059692,1.0937328338623047,1.0881510972976685,1.0899657011032104,0,0.0,0.0
2019-10-11 00:00:00+01:00,1.1014429330825806,1.1061996221542358,1.1003884077072144,1.1011033058166504,0,0.0,0.0
2019-10-16 00:00:00+01:00,1.103399634361267,1.1076282262802124,1.102353572845459,1.1034727096557617,0,0.0,0.0
2019-10-21 00:00:00+01:00,1.1156107187271118,1.118067979812622,1.1140000820159912,1.1155734062194824,0,0.0,0.0
2019-10-31 00:00:00+00:00,1.1154240369796753,1.1176930665969849,1.113374948501587,1.1154489517211914,0,0.0,0.0
2019-11-05 00:00:00+00:00,1.1128298044204712,1.1138995885849,1.1064640283584595,1.1128545999526978,0,0.0,0.0
2019-11-15 00:00:00+00:00,1.102292776107788,1.1055831909179688,1.1015278100967407,1.1020498275756836,0,0.0,0.0
2019-11-20 00:00:00+00:00,1.108033299446106,1.1082788705825806,1.1053632497787476,1.1080001592636108,0,0.0,0.0
2019-11-25 00:00:00+00:00,1.1024142503738403,1.1033873558044434,1.100618600845337,1.1022562980651855,0,0.0,0.0
2019-12-05 00:00:00+00:00,1.1082665920257568,1.1104941368103027,1.1079963445663452,1.108303427696228,0,0.0,0.0
2019-12-10 00:00:00+00:00,1.1064517498016357,1.1097548007965088,1.106353759765625,1.106499433517456,0,0.0,0.0
2019-12-20 00:00:00+00:00,1.112371802330017,1.1125946044921875,1.1074320077896118,1.1125946044921875,0,0.0,0.0
2019-12-25 00:00:00+00:00,1.109139323234558,1.110864281654358,1.1077877283096313,1.1090162992477417,0,0.0,0.0
2019-12-30 00:00:00+00:00,1.1181554794311523,1.1220699548721313,1.1181554794311523,1.1182304620742798,0,0.0,0.0
2020-01-09 00:00:00+00:00,1.1114444732666016,1.1122233867645264,1.1095085144042969,1.1113210916519165,0,0.0,0.0
2020-01-14 00:00:00+00:00,1.1134493350982666,1.1145787239074707,1.11055588722229,1.1135733127593994,0,0.0,0.0
2020-01-24 00:00:00+00:00,1.105534315109253,1.1060845851898193,1.1021226644515991,1.1055220365524292,0,0.0,0.0
2020-01-29 00:00:00+00:00,1.102292776107788,1.1030223369598389,1.0993238687515259,1.1022562980651855,0,0.0,0.0
2020-02-03 00:00:00+00:00,1.108905553817749,1.108905553817749,1.104349970817566,1.1089794635772705,0,0.0,0.0
2020-02-13 00:00:00+00:00,1.0876421928405762,1.0890873670578003,1.0835527181625366,1.0875948667526245,0,0.0,0.0
2020-02-18 00:00:00+00:00,1.0837054252624512,1.0839003324508667,1.078690528869629,1.0840108394622803,0,0.0,0.0
2020-02-28 00:00:00+00:00,1.0995535850524902,1.10527765750885,1.095158338546753,1.0997228622436523,0,0.0,0.0
2020-03-04 00:00:00+00:00,1.1177304983139038,1.1185681819915771,1.109693169593811,1.118067979812622,0,0.0,0.0
2020-03-09 00:00:00+00:00,1.1386150121688843,1.1495838165283203,1.1356796026229858,1.1386020183563232,0,0.0,0.0
2020-03-19 00:00:00+00:00,1.0943433046340942,1.0945589542388916,1.0697933435440063,1.0961546897888184,0,0.0,0.0
2020-03-24 00:00:00+00:00,1.0764726400375366,1.0888501405715942,1.0753382444381714,1.0764610767364502,0,0.0,0.0
2020-04-03 00:00:00+01:00,1.084386944770813,1.085894227027893,1.0776199102401733,1.0847399234771729,0,0.0,0.0
2020-04-08 00:00:00+01:00,1.0894314050674438,1.0896213054656982,1.083177089691162,1.0895144939422607,0,0.0,0.0
2020-04-13 00:00:00+01:00,1.093135118484497,1.0968520641326904,1.089360237121582,1.0932666063308716,0,0.0,0.0
2020-04-23 00:00:00+01:00,1.0806838274002075,1.0843987464904785,1.0758357048034668,1.080964207649231,0,0.0,0.0
2020-04-28 00:00:00+01:00,1.0827198028564453,1.0889687538146973,1.0811277627944946,1.0824854373931885,0,0.0,0.0
2020-05-08 00:00:00+01:00,1.0836936235427856,1.0873347520828247,1.0816305875778198,1.0837171077728271,0,0.0,0.0
2020-05-13 00:00:00+01:00,1.0846339464187622,1.0893363952636719,1.0831419229507446,1.0846810340881348,0,0.0,0.0
2020-05-18 00:00:00+01:00,1.081946611404419,1.0912741422653198,1.0800886154174805,1.0821340084075928,0,0.0,0.0
2020-05-28 00:00:00+01:00,1.1015278100967407,1.1071866750717163,1.0993118286132812,1.1016855239868164,0,0.0,0.0
2020-06-02 00:00:00+01:00,1.1125574111938477,1.1195701360702515,1.1115680932998657,1.1125946044921875,0,0.0,0.0
2020-06-12 00:00:00+01:00,1.1289358139038086,1.1339796781539917,1.1234692335128784,1.1288082599639893,0,0.0,0.0
2020-06-17 00:00:00+01:00,1.12649405002594,1.1296881437301636,1.1210259199142456,1.1265701055526733,0,0.0,0.0
2020-06-22 00:00:00+01:00,1.1179429292678833,1.1267732381820679,1.1175556182861328,1.1177555322647095,0,0.0,0.0
2020-07-02 00:00:00+01:00,1.1253403425216675,1.1303266286849976,1.1227755546569824,1.1251378059387207,0,0.0,0.0
2020-07-07 00:00:00+01:00,1.131029725074768,1.1336582899093628,1.126037359237671,1.1312856674194336,0,0.0,0.0
2020-07-17 00:00:00+01:00,1.1386499404907227,1.144164800643921,1.1378893852233887,1.139211654663086,0,0.0,0.0
2020-07-22 00:00:00+01:00,1.1535090208053589,1.160092830657959,1.1508538722991943,1.15340256690979,0,0.0,0.0
2020-07-27 00:00:00+01:00,1.1652567386627197,1.1779533624649048,1.1652567386627197,1.1652567386627197,0,0.0,0.0
2020-08-06 00:00:00+01:00,1.1873664855957031,1.1911852359771729,1.182075023651123,1.187281847000122,0,0.0,0.0
2020-08-11 00:00:00+01:00,1.1737639904022217,1.1804981231689453,1.1723191738128662,1.1737778186798096,0,0.0,0.0
2020-08-21 00:00:00+01:00,1.1870845556259155,1.1886366605758667,1.1754900217056274,1.1873664855957031,0,0.0,0.0
2020-08-26 00:00:00+01:00,1.1833338737487793,1.1839923858642578,1.1776067018508911,1.183501958847046,0,0.0,0.0
2020-08-31 00:00:00+01:00,1.1916537284851074,1.1963582038879395,1.188509464263916,1.1918240785598755,0,0.0,0.0
2020-09-10 00:00:00+01:00,1.1806375980377197,1.1914690732955933,1.1802891492843628,1.1806375980377197,0,0.0,0.0
2020-09-15 00:00:00+01:00,1.186690092086792,1.1900993585586548,1.1841466426849365,1.187000036239624,0,0.0,0.0
2020-09-25 00:00:00+01:00,1.1673650741577148,1.168510913848877,1.1613458395004272,1.1673243045806885,0,0.0,0.0
2020-09-30 00:00:00+01:00,1.1742740869522095,1.1756407022476196,1.1686065196990967,1.1742050647735596,0,0.0,0.0
2020-10-05 00:00:00+01:00,1.172195553779602,1.1796625852584839,1.1719304323196411,1.1720443964004517,0,0.0,0.0
2020-10-15 00:00:00+01:00,1.1747568845748901,1.1760554313659668,1.1690163612365723,1.1743981838226318,0,0.0,0.0
2020-10-20 00:00:00+01:00,1.1768028736114502,1.1839923858642578,1.1762629747390747,1.176885962486267,0,0.0,0.0
2020-10-30 00:00:00+00:00,1.1676785945892334,1.1703435182571411,1.1643069982528687,1.1678695678710938,0,0.0,0.0
2020-11-04 00:00:00+00:00,1.1764568090438843,1.176885962486267,1.1607661247253418,1.176221489906311,0,0.0,0.0
2020-11-09 00:00:00+00:00,1.1893151998519897,1.1919234991073608,1.179746150970459,1.1893010139465332,0,0.0,0.0
2020-11-19 00:00:00+00:00,1.1842869520187378,1.1855363845825195,1.1817398071289062,1.1847639083862305,0,0.0,0.0
2020-11-24 00:00:00+00:00,1.1841803789138794,1.1893858909606934,1.1838942766189575,1.1842728853225708,0,0.0,0.0
2020-12-04 00:00:00+00:00,1.2145354747772217,1.2177746295928955,1.2133712768554688,1.2145650386810303,0,0.0,0.0
2020-12-09 00:00:00+00:00,1.2109909057617188,1.214900016784668,1.207394003868103,1.2110936641693115,0,0.0,0.0
2020-12-14 00:00:00+00:00,1.213356614112854,1.2174040079116821,1.2117539644241333,1.213340401649475,0,0.0,0.0
2020-12-24 00:00:00+00:00,1.219393253326416,1.2217471599578857,1.2179378271102905,1.2191405296325684,0,0.0,0.0
2020-12-29 00:00:00+00:00,1.2220009565353394,1.2275993824005127,1.2220009565353394,1.2223445177078247,0,0.0,0.0
2021-01-08 00:00:00+00:00,1.2268733978271484,1.2282146215438843,1.2214934825897217,1.227144479751587,0,0.0,0.0
2021-01-13 00:00:00+00:00,1.2209266424179077,1.2224938869476318,1.2155394554138184,1.2208894491195679,0,0.0,0.0
2021-01-18 00:00:00+00:00,1.206723928451538,1.2086198329925537,1.205545425415039,1.2068113088607788,0,0.0,0.0
2021-01-28 00:00:00+00:00,1.2104778289794922,1.214399814605713,1.2082401514053345,1.2105072736740112,0,0.0,0.0
2021-02-02 00:00:00+00:00,1.2067675590515137,1.208795189857483,1.2018364667892456,1.2068694829940796,0,0.0,0.0
2021-02-12 00:00:00+00:00,1.213003396987915,1.213592290878296,1.2083992958068848,1.2131506204605103,0,0.0,0.0
2021-02-17 00:00:00+00:00,1.2088537216186523,1.2098335027694702,1.202558994293213,1.2092483043670654,0,0.0,0.0
2021-02-22 00:00:00+00:00,1.212444543838501,1.2155098915100098,1.2092190980911255,1.2126356363296509,0,0.0,0.0
2021-03-04 00:00:00+00:00,1.204833745956421,1.2064006328582764,1.2025011777877808,1.2050660848617554,0,0.0,0.0
2021-03-09 00:00:00+00:00,1.18519926071167,1.191599726676941,1.1836141347885132,1.185171127319336,0,0.0,0.0
2021-03-19 00:00:00+00:00,1.1917673349380493,1.1937447786331177,1.1874933242797852,1.1918240785598755,0,0.0,0.0
2021-03-24 00:00:00+00:00,1.184118628501892,1.1851149797439575,1.1813349723815918,1.1840205192565918,0,0.0,0.0
2021-03-29 00:00:00+01:00,1.1787601709365845,1.179356575012207,1.1761800050735474,1.1788004636764526,0,0.0,0.0
2021-04-08 00:00:00+01:00,1.187197208404541,1.1914832592010498,1.1861833333969116,1.1873664855957031,0,0.0,0.0
2021-04-13 00:00:00+01:00,1.191213607788086,1.1953144073486328,1.1884304285049438,1.1914690732955933,0,0.0,0.0
2021-04-23 00:00:00+01:00,1.2017930746078491,1.2077994346618652,1.2013888359069824,1.2014753818511963,0,0.0,0.0
2021-04-28 00:00:00+01:00,1.2088537216186523,1.2102141380310059,1.205763578414917,1.2090305089950562,0,0.0,0.0
2021-05-03 00:00:00+01:00,1.2026457786560059,1.2077994346618652,1.201489806175232,1.2027760744094849,0,0.0,0.0
2021-05-13 00:00:00+01:00,1.2076857089996338,1.2106537818908691,1.205312967300415,1.2078505754470825,0,0.0,0.0
2021-05-18 00:00:00+01:00,1.215524673461914,1.2232415676116943,1.2154065370559692,1.2156872749328613,0,0.0,0.0
2021-05-28 00:00:00+01:00,1.2192742824554443,1.2201074361801147,1.2133419513702393,1.2193188667297363,0,0.0,0.0
2021-06-02 00:00:00+01:00,1.2218068838119507,1.2229423522949219,1.2165746688842773,1.2217769622802734,0,0.0,0.0
2021-06-07 00:00:00+01:00,1.2165746688842773,1.220199704170227,1.2145060300827026,1.2168411016464233,0,0.0,0.0
2021-06-17 00:00:00+01:00,1.199184536933899,1.2007685899734497,1.19070303440094,1.1995586156845093,0,0.0,0.0
2021-06-22 00:00:00+01:00,1.1911568641662598,1.1917530298233032,1.1882412433624268,1.1912561655044556,0,0.0,0.0
2021-07-02 00:00:00+01:00,1.184707760810852,1.1860989332199097,1.1819353103637695,1.1846235990524292,0,0.0,0.0
2021-07-07 00:00:00+01:00,1.1820330619812012,1.1841325759887695,1.1782448291778564,1.1824523210525513,0,0.0,0.0
2021-07-12 00:00:00+01:00,1.1873664855957031,1.1882128715515137,1.183670163154602,1.187295913696289,0,0.0,0.0
2021-07-22 00:00:00+01:00,1.1795234680175781,1.1829839944839478,1.1766643524169922,1.179273009300232,0,0.0,0.0
2021-07-27 00:00:00+01:00,1.1806375980377197,1.183712124824524,1.1771769523620605,1.1807769536972046,0,0.0,0.0
2021-08-06 00:00:00+01:00,1.1833199262619019,1.1835720539093018,1.1756407022476196,1.1835720539093018,0,0.0,0.0
2021-08-11 00:00:00+01:00,1.1719757318496704,1.1746878623962402,1.1706448793411255,1.172333002090454,0,0.0,0.0
2021-08-16 00:00:00+01:00,1.179634690284729,1.18035888671875,1.1768028736114502,1.179467797279358,0,0.0,0.0
2021-08-26 00:00:00+01:00,1.177300214767456,1.1781338453292847,1.1747844219207764,1.1774401664733887,0,0.0,0.0
2021-08-31 00:00:00+01:00,1.179940938949585,1.1845533847808838,1.1796486377716064,1.1796904802322388,0,0.0,0.0
2021-09-10 00:00:00+01:00,1.1823545694351196,1.185300350189209,1.1819353103637695,1.1825922727584839,0,0.0,0.0
2021-09-15 00:00:00+01:00,1.18035888671875,1.183300256729126,1.1800997257232666,1.1804981231689453,0,0.0,0.0
2021-09-20 00:00:00+01:00,1.1728830337524414,1.1737089157104492,1.1700559854507446,1.1729930639266968,0,0.0,0.0
2021-09-30 00:00:00+01:00,1.1602274179458618,1.161170482635498,1.1570056676864624,1.1601601839065552,0,0.0,0.0
2021-10-05 00:00:00+01:00,1.1616560220718384,1.16225004196167,1.1583056449890137,1.1618449687957764,0,0.0,0.0
2021-10-15 00:00:00+01:00,1.1590708494186401,1.1619800329208374,1.1588828563690186,1.159151554107666,0,0.0,0.0
2021-10-20 00:00:00+01:00,1.1633858680725098,1.1654006242752075,1.1618045568466187,1.1631964445114136,0,0.0,0.0
2021-10-25 00:00:00+01:00,1.1641308069229126,1.1668611764907837,1.159326195716858,1.1640088558197021,0,0.0,0.0
2021-11-04 00:00:00+00:00,1.1615750789642334,1.1617100238800049,1.152923822402954,1.1615750789642334,0,0.0,0.0
2021-11-09 00:00:00+00:00,1.1588693857192993,1.1609008312225342,1.157019019126892,1.159151554107666,0,0.0,0.0
2021-11-19 00:00:00+00:00,1.1370097398757935,1.1370097398757935,1.1252391338348389,1.1368415355682373,0,0.0,0.0
2021-11-24 00:00:00+00:00,1.1243914365768433,1.1254544258117676,1.1187809705734253,1.1244926452636719,0,0.0,0.0
2021-11-29 00:00:00+00:00,1.1291142702102661,1.12980055809021,1.125885248184204,1.1293182373046875,0,0.0,0.0
2021-12-09 00:00:00+00:00,1.1344043016433716,1.1345586776733398,1.1279425621032715,1.1345586776733398,0,0.0,0.0
2021-12-14 00:00:00+00:00,1.1283371448516846,1.13275945186615,1.1266590356826782,1.1285407543182373,0,0.0,0.0
2021-12-24 00:00:00+00:00,1.1324644088745117,1.134429931640625,1.1308379173278809,1.132733702659607,0,0.0,0.0
2021-12-29 00:00:00+00:00,1.1313369274139404,1.137000560760498,1.1275355815887451,1.1314777135849,0,0.0,0.0
2022-01-03 00:00:00+00:00,1.1373846530914307,1.1375917196273804,1.1285407543182373,1.1373459100723267,0,0.0,0.0
2022-01-13 00:00:00+00:00,1.1439814567565918,1.1479079723358154,1.1436413526535034,1.144164800643921,0,0.0,0.0
2022-01-18 00:00:00+00:00,1.141291856765747,1.1423349380493164,1.1329647302627563,1.1410574913024902,0,0.0,0.0
2022-01-28 00:00:00+00:00,1.1146159172058105,1.1170064210891724,1.1123347282409668,1.1147029399871826,0,0.0,0.0
2022-02-02 00:00:00+00:00,1.1273066997528076,1.132939100265503,1.126697063446045,1.1273956298828125,0,0.0,0.0
2022-02-07 00:00:00+00:00,1.1454622745513916,1.1460003852844238,1.1416698694229126,1.145514726638794,0,0.0,0.0
2022-02-17 00:00:00+00:00,1.1373329162597656,1.1386927366256714,1.13275945186615,1.1375269889831543,0,0.0,0.0
2022-02-22 00:00:00+00:00,1.1309658288955688,1.1363766193389893,1.1289101839065552,1.1309658288955688,0,0.0,0.0
2022-03-04 00:00:00+00:00,1.1069294214248657,1.1069294214248657,1.0890042781829834,1.1066844463348389,0,0.0,0.0
2022-03-09 00:00:00+00:00,1.0900845527648926,1.1091147661209106,1.0897876024246216,1.0898232460021973,0,0.0,0.0
2022-03-14 00:00:00+00:00,1.0932546854019165,1.0986958742141724,1.0902509689331055,1.093206763267517,0,0.0,0.0
2022-03-24 00:00:00+00:00,1.1006306409835815,1.101333737373352,1.0969964265823364,1.1006306409835815,0,0.0,0.0
2022-03-29 00:00:00+01:00,1.0993843078613281,1.1136353015899658,1.097044587135315,1.0993843078613281,0,0.0,0.0
2022-04-08 00:00:00+01:00,1.0864840745925903,1.0891940593719482,1.0836936235427856,1.0864840745925903,0,0.0,0.0
2022-04-13 00:00:00+01:00,1.0826143026351929,1.0873819589614868,1.0810343027114868,1.0826143026351929,0,0.0,0.0
2022-04-18 00:00:00+01:00,1.081525444984436,1.081583857536316,1.0783647298812866,1.081525444984436,0,0.0,0.0
2022-04-28 00:00:00+01:00,1.0555092096328735,1.056222677230835,1.0472848415374756,1.0555092096328735,0,0.0,0.0
2022-05-03 00:00:00+01:00,1.0509058237075806,1.0577645301818848,1.0494390726089478,1.0509058237075806,0,0.0,0.0
2022-05-13 00:00:00+01:00,1.0379581451416016,1.041938066482544,1.0351966619491577,1.0379581451416016,0,0.0,0.0
2022-05-18 00:00:00+01:00,1.0547856092453003,1.0564124584197998,1.0492409467697144,1.0547856092453003,0,0.0,0.0
2022-05-23 00:00:00+01:00,1.0569819211959839,1.069027066230774,1.0568702220916748,1.0569819211959839,0,0.0,0.0
2022-06-02 00:00:00+01:00,1.0654165744781494,1.0738486051559448,1.064565896987915,1.0654165744781494,0,0.0,0.0
2022-06-07 00:00:00+01:00,1.0691413879394531,1.0708931684494019,1.0652804374694824,1.0691413879394531,0,0.0,0.0
2022-06-17 00:00:00+01:00,1.0546854734420776,1.0551751852035522,1.0445609092712402,1.0546854734420776,0,0.0,0.0
2022-06-22 00:00:00+01:00,1.053263545036316,1.0602879524230957,1.0471861362457275,1.053263545036316,0,0.0,0.0
2022-06-27 00:00:00+01:00,1.0566133260726929,1.0614246129989624,1.0550860166549683,1.0566133260726929,0,0.0,0.0
2022-07-07 00:00:00+01:00,1.0186411142349243,1.0219202041625977,1.015331506729126,1.0186411142349243,0,0.0,0.0
2022-07-12 00:00:00+01:00,1.004752516746521,1.007384181022644,1.0001100301742554,1.004752516746521,0,0.0,0.0
2022-07-22 00:00:00+01:00,1.0221081972122192,1.025514841079712,1.0133970975875854,1.0221081972122192,0,0.0,0.0
2022-07-27 00:00:00+01:00,1.0129557847976685,1.0171905755996704,1.0107442140579224,1.0129557847976685,0,0.0,0.0
2022-08-01 00:00:00+01:00,1.0208247900009155,1.0277491807937622,1.0209603309631348,1.0208247900009155,0,0.0,0.0
2022-08-11 00:00:00+01:00,1.0300782918930054,1.036591649055481,1.0276330709457397,1.0300782918930054,0,0.0,0.0
2022-08-16 00:00:00+01:00,1.0161981582641602,1.019440770149231,1.0123404264450073,1.0161981582641602,0,0.0,0.0
2022-08-26 00:00:00+01:00,0.9971283078193665,1.0088272094726562,0.9947279095649719,0.9971283078193665,0,0.0,0.0
2022-08-31 00:00:00+01:00,1.0025062561035156,1.0077394247055054,0.9971680045127869,1.0025062561035156,0,0.0,0.0
2022-09-05 00:00:00+01:00,0.9909427762031555,0.9943521022796631,0.9880836606025696,0.9909427762031555,0,0.0,0.0
2022-09-15 00:00:00+01:00,0.9984025359153748,1.0017931461334229,0.9957482218742371,0.9984025359153748,0,0.0,0.0
2022-09-20 00:00:00+01:00,1.0029587745666504,1.0050251483917236,0.9957084655761719,1.0029587745666504,0,0.0,0.0
2022-09-30 00:00:00+01:00,0.9829555749893188,0.9849985241889954,0.9736055731773376,0.9829555749893188,0,0.0,0.0
2022-10-05 00:00:00+01:00,0.998432457447052,0.9994204044342041,0.9835453629493713,0.998432457447052,0,0.0,0.0
2022-10-10 00:00:00+01:00,0.9735012650489807,0.9752291440963745,0.96825110912323,0.9735012650489807,0,0.0,0.0
2022-10-20 00:00:00+01:00,0.9766482710838318,0.9845135807991028,0.9755526185035706,0.9766482710838318,0,0.0,0.0
2022-10-25 00:00:00+01:00,0.9886503219604492,0.9975360631942749,0.9852216839790344,0.9886503219604492,0,0.0,0.0
2022-11-04 00:00:00+00:00,0.9749630093574524,0.993818461894989,0.9748489260673523,0.9749630093574524,0,0.0,0.0
2022-11-09 00:00:00+00:00,1.008084774017334,1.0088781118392944,1.0012515783309937,1.008084774017334,0,0.0,0.0
2022-11-14 00:00:00+00:00,1.0328551530838013,1.0350252389907837,1.0273585319519043,1.0328551530838013,0,0.0,0.0
2022-11-24 00:00:00+00:00,1.0416233539581299,1.0448229312896729,1.0383676290512085,1.0416233539581299,0,0.0,0.0
2022-11-29 00:00:00+00:00,1.034554123878479,1.039414644241333,1.032545804977417,1.034554123878479,0,0.0,0.0
2022-12-09 00:00:00+00:00,1.0559661388397217,1.0588396787643433,1.0520004034042358,1.0559661388397217,0,0.0,0.0
2022-12-14 00:00:00+00:00,1.062665343284607,1.0669853687286377,1.0620108842849731,1.062665343284607,0,0.0,0.0
2022-12-19 00:00:00+00:00,1.05850350856781,1.0659003257751465,1.0577198266983032,1.05850350856781,0,0.0,0.0
2022-12-29 00:00:00+00:00,1.062925100326538,1.0670194625854492,1.0612331628799438,1.062925100326538,0,0.0,0.0
2023-01-03 00:00:00+00:00,1.0677714347839355,1.068261981010437,1.0521553754806519,1.0677714347839355,0,0.0,0.0
2023-01-13 00:00:00+00:00,1.0860239267349243,1.0867793560028076,1.0780625343322754,1.0860239267349243,0,0.0,0.0
2023-01-18 00:00:00+00:00,1.0793308019638062,1.0884472131729126,1.0767043828964233,1.0793308019638062,0,0.0,0.0
2023-01-23 00:00:00+00:00,1.0864723920822144,1.0919533967971802,1.0847516059875488,1.086507797241211,0,0.0,0.0
2023-02-02 00:00:00+00:00,1.1012852191925049,1.102657437324524,1.088767170906067,1.1012852191925049,0,0.0,0.0
2023-02-07 00:00:00+00:00,1.0730764865875244,1.0745997428894043,1.0669511556625366,1.0730764865875244,0,0.0,0.0
2023-02-17 00:00:00+00:00,1.0665756464004517,1.0681477785110474,1.0613795518875122,1.0665756464004517,0,0.0,0.0
2023-02-22 00:00:00+00:00,1.065200924873352,1.0665528774261475,1.0619093179702759,1.065200924873352,0,0.0,0.0
2023-02-27 00:00:00+00:00,1.0554758310317993,1.0618642568588257,1.0533522367477417,1.0554758310317993,0,0.0,0.0
2023-03-09 00:00:00+00:00,1.0549525022506714,1.0586491823196411,1.053851842880249,1.0549525022506714,0,0.0,0.0
2023-03-14 00:00:00+00:00,1.0725010633468628,1.0747140645980835,1.0679652690887451,1.0725010633468628,0,0.0,0.0
2023-03-24 00:00:00+00:00,1.0835057497024536,1.0839003324508667,1.0718917846679688,1.0835057497024536,0,0.0,0.0
2023-03-29 00:00:00+01:00,1.0839520692825317,1.0871999263763428,1.0821340084075928,1.0839520692825317,0,0.0,0.0
2023-04-03 00:00:00+01:00,1.0803335905075073,1.0915720462799072,1.078934907913208,1.0803335905075073,0,0.0,0.0
2023-04-13 00:00:00+01:00,1.0999890565872192,1.1068999767303467,1.0981649160385132,1.0999890565872192,0,0.0,0.0
2023-04-18 00:00:00+01:00,1.0925379991531372,1.0983458757400513,1.0922753810882568,1.0925379991531372,0,0.0,0.0
2023-04-28 00:00:00+01:00,1.1032048463821411,1.1043744087219238,1.0965633392333984,1.1032048463821411,0,0.0,0.0
2023-05-03 00:00:00+01:00,1.1010911464691162,1.1058155298233032,1.100594401359558,1.1010911464691162,0,0.0,0.0
2023-05-08 00:00:00+01:00,1.10186767578125,1.1053388118743896,1.1012487411499023,1.10186767578125,0,0.0,0.0
2023-05-18 00:00:00+01:00,1.0838346481323242,1.0849517583847046,1.0765421390533447,1.0838346481323242,0,0.0,0.0
2023-05-23 00:00:00+01:00,1.0811045169830322,1.0821340084075928,1.0763798952102661,1.0811045169830322,0,0.0,0.0
2023-06-02 00:00:00+01:00,1.0760787725448608,1.077934741973877,1.071811318397522,1.0760787725448608,0,0.0,0.0
2023-06-07 00:00:00+01:00,1.0698047876358032,1.074021577835083,1.0668829679489136,1.0698047876358032,0,0.0,0.0
2023-06-12 00:00:00+01:00,1.0750954151153564,1.0789697170257568,1.073433518409729,1.0750954151153564,0,0.0,0.0
2023-06-22 00:00:00+01:00,1.0992635488510132,1.1011154651641846,1.095110297203064,1.0992635488510132,0,0.0,0.0
2023-06-27 00:00:00+01:00,1.091048002243042,1.0976104736328125,1.0903223752975464,1.091048002243042,0,0.0,0.0
2023-07-07 00:00:00+01:00,1.0890636444091797,1.096467137336731,1.0868619680404663,1.0890636444091797,0,0.0,0.0
2023-07-12 00:00:00+01:00,1.101406455039978,1.1125946044921875,1.1012852191925049,1.101406455039978,0,0.0,0.0
2023-07-17 00:00:00+01:00,1.1227755546569824,1.125112533569336,1.1205486059188843,1.1227755546569824,0,0.0,0.0
2023-07-27 00:00:00+01:00,1.1078368425369263,1.115200161933899,1.0984907150268555,1.1078368425369263,0,0.0,0.0
2023-08-01 00:00:00+01:00,1.0997591018676758,1.1002310514450073,1.095446228981018,1.0997591018676758,0,0.0,0.0
2023-08-11 00:00:00+01:00,1.0981649160385132,1.1004369258880615,1.0951822996139526,1.0981649160385132,0,0.0,0.0
2023-08-16 00:00:00+01:00,1.0904173851013184,1.0934697389602661,1.0897756814956665,1.0904173851013184,0,0.0,0.0
2023-08-21 00:00:00+01:00,1.087559461593628,1.0913575887680054,1.0870628356933594,1.087559461593628,0,0.0,0.0
2023-08-31 00:00:00+01:00,1.0932546854019165,1.0939722061157227,1.0837171077728271,1.0932546854019165,0,0.0,0.0
2023-09-05 00:00:00+01:00,1.0794472694396973,1.07991361618042,1.0707554817199707,1.0794472694396973,0,0.0,0.0
2023-09-15 00:00:00+01:00,1.0637166500091553,1.068764328956604,1.0634677410125732,1.0637166500091553,0,0.0,0.0
2023-09-20 00:00:00+01:00,1.0682048797607422,1.0726966857910156,1.0675777196884155,1.0682048797607422,0,0.0,0.0
2023-09-25 00:00:00+01:00,1.0648492574691772,1.0655415058135986,1.0577309131622314,1.0648492574691772,0,0.0,0.0
2023-10-05 00:00:00+01:00,1.0507071018218994,1.0536853075027466,1.0500892400741577,1.0507071018218994,0,0.0,0.0
2023-10-10 00:00:00+01:00,1.0578875541687012,1.061954379081726,1.0555983781814575,1.0578875541687012,0,0.0,0.0
2023-10-20 00:00:00+01:00,1.0586491823196411,1.0601080656051636,1.056579828262329,1.0586491823196411,0,0.0,0.0
2023-10-25 00:00:00+01:00,1.059535264968872,1.0606703758239746,1.0566803216934204,1.059535264968872,0,0.0,0.0
2023-10-30 00:00:00+00:00,1.0562450885772705,1.0625998973846436,1.054841160774231,1.0562450885772705,0,0.0,0.0
2023-11-09 00:00:00+00:00,1.0710422992706299,1.0728002786636353,1.0681477785110474,1.0710422992706299,0,0.0,0.0
2023-11-14 00:00:00+00:00,1.0701825618743896,1.08672034740448,1.0693585872650146,1.0701825618743896,0,0.0,0.0
2023-11-24 00:00:00+00:00,1.0906314849853516,1.0944151878356934,1.089561939239502,1.0906314849853516,0,0.0,0.0
2023-11-29 00:00:00+00:00,1.100594401359558,1.1016855239868164,1.096118688583374,1.100594401359558,0,0.0,0.0
2023-12-04 00:00:00+00:00,1.088814616203308,1.0887316465377808,1.0805671215057373,1.088814616203308,0,0.0,0.0
2023-12-14 00:00:00+00:00,1.0886130332946777,1.1004126071929932,1.088020920753479,1.0886130332946777,0,0.0,0.0
2023-12-19 00:00:00+00:00,1.092382788658142,1.098799705505371,1.091607689857483,1.092382788658142,0,0.0,0.0
2023-12-29 00:00:00+00:00,1.1068191528320312,1.1086474657058716,1.1043256521224976,1.1068191528320312,0,0.0,0.0
2024-01-03 00:00:00+00:00,1.0941756963729858,1.0967004299163818,1.0898706912994385,1.0941756963729858,0,0.0,0.0
2024-01-08 00:00:00+00:00,1.0942236185073853,1.0978153944015503,1.092454433441162,1.0942236185073853,0,0.0,0.0
2024-01-18 00:00:00+00:00,1.0885775089263916,1.0907504558563232,1.084869384765625,1.0885775089263916,0,0.0,0.0
2024-01-23 00:00:00+00:00,1.088020920753479,1.0918222665786743,1.0824267864227295,1.088020920753479,0,0.0,0.0
2024-02-02 00:00:00+00:00,1.0874648094177246,1.0897995233535767,1.0783065557479858,1.0874648094177246,0,0.0,0.0
2024-02-07 00:00:00+00:00,1.075719952583313,1.0784345865249634,1.0756388902664185,1.075719952583313,0,0.0,0.0
2024-02-12 00:00:00+00:00,1.0798202753067017,1.0805437564849854,1.0757662057876587,1.0798202753067017,0,0.0,0.0
2024-02-22 00:00:00+00:00,1.0820403099060059,1.0886249542236328,1.0805087089538574,1.0820403099060059,0,0.0,0.0
2024-02-27 00:00:00+00:00,1.0850930213928223,1.0866140127182007,1.0833649635314941,1.0850930213928223,0,0.0,0.0
2024-03-08 00:00:00+00:00,1.0950144529342651,1.0978032350540161,1.0927051305770874,1.0950144529342651,0,0.0,0.0
2024-03-13 00:00:00+00:00,1.0927767753601074,1.0949305295944214,1.0920488834381104,1.0927767753601074,0,0.0,0.0
2024-03-18 00:00:00+00:00,1.0882576704025269,1.0907504558563232,1.0880801677703857,1.0882576704025269,0,0.0,0.0
2024-03-28 00:00:00+00:00,1.0813382863998413,1.0828369855880737,1.0775513648986816,1.0813382863998413,0,0.0,0.0
2024-04-02 00:00:00+01:00,1.0737217664718628,1.0778765678405762,1.072535514831543,1.0737217664718628,0,0.0,0.0
2024-04-12 00:00:00+01:00,1.0726851224899292,1.072961449623108,1.062371850013733,1.0726851224899292,0,0.0,0.0
2024-04-17 00:00:00+01:00,1.0621461868286133,1.0652689933776855,1.0608166456222534,1.0621461868286133,0,0.0,0.0
2024-04-22 00:00:00+01:00,1.0657799243927002,1.067121982574463,1.0625072717666626,1.065825343132019,0,0.0,0.0
2024-05-02 00:00:00+01:00,1.0721560716629028,1.0730764865875244,1.0675777196884155,1.0721560716629028,0,0.0,0.0
2024-05-07 00:00:00+01:00,1.0767507553100586,1.0789813995361328,1.0755810737609863,1.0767507553100586,0,0.0,0.0
2024-05-12 00:00:00+01:00,1.0772379636764526,1.0772379636764526,1.0772379636764526,1.0772379636764526,0,0.0,0.0
